date,gdp,jgdp,djgdp,oil,joil,djoil,cdop,maxp,jpmax
1947Q1,2034.45,761.7980791076834,,8.0,207.94415416798358,0.0,0.0,0.0,
1947Q2,2029.024,761.5310168242798,-0.2670622834035612,8.4,212.8231705849268,4.879016416943216,4.879016416943216,4.879016416943216,4.879016416943216
1947Q3,2024.834,761.3243000871838,-0.20671673709603056,8.6,215.1762203259462,2.3530497410193902,7.232066157962606,7.232066157962606,2.3530497410193902
1947Q4,2056.508,762.8764677767458,1.5521676895619976,10.9,238.8762789235098,23.70005859756361,30.932124755526218,30.932124755526218,23.70005859756361
1948Q1,2087.442,764.3694671907879,1.4929994140420604,11.5,244.23470353692042,5.3584246134106195,36.29054936893684,36.29054936893684,5.3584246134106195
1948Q2,2121.899,766.0066721434199,1.6372049526320325,11.5,244.23470353692042,0.0,36.29054936893684,36.29054936893684,0.0
1948Q3,2134.056,766.5779673316825,0.5712951882626385,11.5,244.23470353692042,0.0,36.29054936893684,36.29054936893684,0.0
1948Q4,2136.44,766.6896171375905,0.11164980590797313,11.5,244.23470353692042,0.0,36.29054936893684,36.29054936893684,0.0
1949Q1,2107.001,765.3020888412525,-1.3875282963380187,11.4,243.361335540045,-0.8733679968754302,35.41718137206141,36.29054936893684,0.0
1949Q2,2099.814,764.9604048360262,-0.34168400522628417,11.3,242.4802725718295,-0.8810629682155025,34.536118403845904,36.29054936893684,0.0
1949Q3,2121.493,765.9875365084732,1.0271316724470125,11.3,242.4802725718295,0.0,34.536118403845904,36.29054936893684,0.0
1949Q4,2103.688,765.1447273888319,-0.8428091196412879,11.3,242.4802725718295,0.0,34.536118403845904,36.29054936893684,0.0
1950Q1,2186.365,768.9995626435966,3.85483525476468,11.3,242.4802725718295,0.0,34.536118403845904,36.29054936893684,0.0
1950Q2,2253.045,772.003791360162,3.0042287165654216,11.3,242.4802725718295,0.0,34.536118403845904,36.29054936893684,0.0
1950Q3,2340.112,775.7954070454201,3.79161568525808,11.3,242.4802725718295,0.0,34.536118403845904,36.29054936893684,0.0
1950Q4,2384.92,777.6920859782924,1.8966789328723053,11.4,243.361335540045,0.8810629682155025,35.41718137206141,36.29054936893684,0.0
1951Q1,2417.311,779.0411044333287,1.34901845503623,11.4,243.361335540045,0.0,35.41718137206141,36.29054936893684,0.0
1951Q2,2459.196,780.7589746237791,1.7178701904504123,11.4,243.361335540045,0.0,35.41718137206141,36.29054936893684,0.0
1951Q3,2509.88,782.7990222218014,2.0400475980222836,11.4,243.361335540045,0.0,35.41718137206141,36.29054936893684,0.0
1951Q4,2515.408,783.0190296016681,0.22000737986672902,11.4,243.361335540045,0.0,35.41718137206141,35.41718137206141,0.0
1952Q1,2542.286,784.0818955255419,1.062865923873801,11.4,243.361335540045,0.0,35.41718137206141,35.41718137206141,0.0
1952Q2,2547.762,784.297060573598,0.21516504805606473,11.4,243.361335540045,0.0,35.41718137206141,35.41718137206141,0.0
1952Q3,2566.153,785.0163169274881,0.7192563538901595,11.4,243.361335540045,0.0,35.41718137206141,35.41718137206141,0.0
1952Q4,2650.431,788.2477547265006,3.2314377990124967,11.4,243.361335540045,0.0,35.41718137206141,35.41718137206141,0.0
1953Q1,2699.699,790.0895564296417,1.8418017031410727,11.7,245.95888418037103,2.597548640326039,38.014730012387446,38.014730012387446,2.597548640326039
1953Q2,2720.566,790.8595225877983,0.7699661581566488,12.7,254.16019934645456,8.201315166083532,46.21604517847098,46.21604517847098,8.201315166083532
1953Q3,2705.258,790.2952565660212,-0.5642660217771436,12.7,254.16019934645456,0.0,46.21604517847098,46.21604517847098,0.0
1953Q4,2664.302,788.7697388598502,-1.5255177061709446,12.6,253.3696813957432,-0.7905179507113473,45.42552722775963,46.21604517847098,0.0
1954Q1,2651.566,788.2905687838204,-0.4791700760298454,12.6,253.3696813957432,0.0,45.42552722775963,46.21604517847098,0.0
1954Q2,2654.456,788.3995016260054,0.10893284218502686,12.6,253.3696813957432,0.0,45.42552722775963,46.21604517847098,0.0
1954Q3,2684.434,789.5225183976487,1.1230167716432788,12.6,253.3696813957432,0.0,45.42552722775963,46.21604517847098,0.0
1954Q4,2736.96,791.4603094392417,1.9377910415929591,12.6,253.3696813957432,0.0,45.42552722775963,46.21604517847098,0.0
1955Q1,2815.134,794.2765141572285,2.816204717986807,12.6,253.3696813957432,0.0,45.42552722775963,46.21604517847098,0.0
1955Q2,2860.942,795.8906220212671,1.6141078640386013,12.6,253.3696813957432,0.0,45.42552722775963,46.21604517847098,0.0
1955Q3,2899.578,797.2320488144525,1.3414267931854056,12.6,253.3696813957432,0.0,45.42552722775963,46.21604517847098,0.0
1955Q4,2916.985,797.8305827585044,0.598533944051951,12.6,253.3696813957432,0.0,45.42552722775963,46.21604517847098,0.0
1956Q1,2905.656,797.4414461349003,-0.3891366236041449,12.6,253.3696813957432,0.0,45.42552722775963,46.21604517847098,0.0
1956Q2,2929.666,798.2643702339335,0.82292409903323,12.7,254.16019934645456,0.7905179507113473,46.21604517847098,46.21604517847098,0.0
1956Q3,2927.034,798.1744902613488,-0.08987997258475389,12.7,254.16019934645456,0.0,46.21604517847098,46.21604517847098,0.0
1956Q4,2975.2090000000007,799.8069567613007,1.6324664999519882,12.8,254.94451709255713,0.7843177461025732,47.00036292457355,47.00036292457355,0.7843177461025732
1957Q1,2994.259,800.4452067584142,0.6382499971134621,14.0,263.9057329615258,8.96121586896868,55.96157879354223,55.96157879354223,8.96121586896868
1957Q2,2987.699,800.2258804900022,-0.21932626841203273,14.0,263.9057329615258,0.0,55.96157879354223,55.96157879354223,0.0
1957Q3,3016.9790000000007,801.2011278577992,0.9752473677970102,14.0,263.9057329615258,0.0,55.96157879354223,55.96157879354223,0.0
1957Q4,2985.775,800.1614623619067,-1.03966549589245,14.0,263.9057329615258,0.0,55.96157879354223,55.96157879354223,0.0
1958Q1,2908.281,797.5317463971279,-2.629715964778825,14.0,263.9057329615258,0.0,55.96157879354223,55.96157879354223,0.0
1958Q2,2927.395,798.1868228048115,0.6550764076836231,14.0,263.9057329615258,0.0,55.96157879354223,55.96157879354223,0.0
1958Q3,2995.112,800.4736905509782,2.2868677461666493,13.9,263.1888840136646,-0.7168489478611946,55.244729845681036,55.96157879354223,0.0
1958Q4,3065.141,802.7848850574837,2.311194506505558,13.9,263.1888840136646,0.0,55.244729845681036,55.96157879354223,0.0
1959Q1,3123.978,804.6862468681259,1.901361810642129,13.5,260.2689685444384,-2.9199154692262255,52.32481437645481,55.96157879354223,0.0
1959Q2,3194.429,806.9163634094981,2.23011654137224,13.6,261.00697927420066,0.7380107297622658,53.062825106217076,55.96157879354223,0.0
1959Q3,3196.683,806.9868988685371,0.07053545903897884,13.4,259.5254706956866,-1.481508578514081,51.581316527702995,55.96157879354223,0.0
1959Q4,3205.79,807.271382884073,0.2844840155358952,13.4,259.5254706956866,0.0,51.581316527702995,55.96157879354223,0.0
1960Q1,3277.847,809.4942083412765,2.2228254572034984,13.4,259.5254706956866,0.0,51.581316527702995,55.96157879354223,0.0
1960Q2,3260.177,808.953676736539,-0.5405316047374527,13.4,259.5254706956866,0.0,51.581316527702995,55.96157879354223,0.0
1960Q3,3276.133,809.4419042439471,0.4882275074080553,13.4,259.5254706956866,0.0,51.581316527702995,55.96157879354223,0.0
1960Q4,3234.087,808.1501941444967,-1.2917100994503699,13.4,259.5254706956866,0.0,51.581316527702995,55.96157879354223,0.0
1961Q1,3255.914,808.8228313997196,0.6726372552228668,13.4,259.5254706956866,0.0,51.581316527702995,55.96157879354223,0.0
1961Q2,3311.181,810.506020231707,1.6831888319874224,13.5,260.2689685444384,0.7434978487518151,52.32481437645481,55.244729845681036,0.0
1961Q3,3374.742,812.407415594016,1.9013953623090174,13.5,260.2689685444384,0.0,52.32481437645481,55.244729845681036,0.0
1961Q4,3440.9240000000004,814.3495318950837,1.9421163010676992,13.5,260.2689685444384,0.0,52.32481437645481,53.062825106217076,0.0
1962Q1,3502.298,816.1174603457356,1.7679284506518798,13.5,260.2689685444384,0.0,52.32481437645481,53.062825106217076,0.0
1962Q2,3533.947,817.0170655596838,0.8996052139482345,13.5,260.2689685444384,0.0,52.32481437645481,52.32481437645481,0.0
1962Q3,3577.362,818.2380936263113,1.2210280666274684,13.5,260.2689685444384,0.0,52.32481437645481,52.32481437645481,0.0
1962Q4,3589.128,818.5664555042154,0.328361877904058,13.5,260.2689685444384,0.0,52.32481437645481,52.32481437645481,0.0
1963Q1,3628.306,819.6521151669452,1.0856596627298813,13.5,260.2689685444384,0.0,52.32481437645481,52.32481437645481,0.0
1963Q2,3669.02,820.7679875417012,1.1158723747560089,13.5,260.2689685444384,0.0,52.32481437645481,52.32481437645481,0.0
1963Q3,3749.681,822.9426048679417,2.1746173262404227,13.5,260.2689685444384,0.0,52.32481437645481,52.32481437645481,0.0
1963Q4,3774.264,823.5960675787194,0.6534627107777169,13.4,259.5254706956866,-0.7434978487518151,51.581316527702995,52.32481437645481,0.0
1964Q1,3853.835,825.6824035395655,2.0863359608460996,13.4,259.5254706956866,0.0,51.581316527702995,52.32481437645481,0.0
1964Q2,3895.793,826.7652531934065,1.0828496538409809,13.4,259.5254706956866,0.0,51.581316527702995,52.32481437645481,0.0
1964Q3,3956.657,828.3154755798668,1.550222386460291,13.4,259.5254706956866,0.0,51.581316527702995,52.32481437645481,0.0
1964Q4,3968.878,828.6238714089421,0.3083958290753799,13.4,259.5254706956866,0.0,51.581316527702995,52.32481437645481,0.0
1965Q1,4064.915,831.0148111554188,2.390939746476647,13.4,259.5254706956866,0.0,51.581316527702995,52.32481437645481,0.0
1965Q2,4116.267,832.2701963654715,1.2553852100527365,13.4,259.5254706956866,0.0,51.581316527702995,52.32481437645481,0.0
1965Q3,4207.782,834.4690946991914,2.1988983337198533,13.4,259.5254706956866,0.0,51.581316527702995,52.32481437645481,0.0
1965Q4,4304.731,836.7469929427534,2.277898243562049,13.4,259.5254706956866,0.0,51.581316527702995,52.32481437645481,0.0
1966Q1,4409.518,839.1520665415379,2.4050735987844973,13.4,259.5254706956866,0.0,51.581316527702995,52.32481437645481,0.0
1966Q2,4424.581,839.4930863693181,0.341019827780201,13.5,260.2689685444384,0.7434978487518151,52.32481437645481,52.32481437645481,0.0
1966Q3,4462.053,840.3364253003512,0.8433389310330313,13.5,260.2689685444384,0.0,52.32481437645481,52.32481437645481,0.0
1966Q4,4498.66,841.1534853636027,0.8170600632515743,13.6,261.00697927420066,0.7380107297622658,53.062825106217076,53.062825106217076,0.7380107297622658
1967Q1,4538.498,842.0351399292354,0.8816545656326298,13.6,261.00697927420066,0.0,53.062825106217076,53.062825106217076,0.0
1967Q2,4541.28,842.0964189624243,0.06127903318895278,13.6,261.00697927420066,0.0,53.062825106217076,53.062825106217076,0.0
1967Q3,4584.246,843.0380921876131,0.9416732251887652,13.7,261.7395832834079,0.7326040092072503,53.79542911542433,53.79542911542433,0.7326040092072503
1967Q4,4618.812,843.7892808151748,0.7511886275617599,13.7,261.7395832834079,0.0,53.79542911542433,53.79542911542433,0.0
1968Q1,4713.013,845.8082685247955,2.01898770962066,13.7,261.7395832834079,0.0,53.79542911542433,53.79542911542433,0.0
1968Q2,4791.758,847.465263768535,1.656995243739516,13.7,261.7395832834079,0.0,53.79542911542433,53.79542911542433,0.0
1968Q3,4828.892,848.2372320744588,0.7719683059237923,13.8,262.4668592163159,0.7272759329080145,54.52270504833234,54.52270504833234,0.7272759329080145
1968Q4,4847.885,848.6297806345688,0.3925485601099581,13.8,262.4668592163159,0.0,54.52270504833234,54.52270504833234,0.0
1969Q1,4923.76,850.1827745255381,1.5529938909693328,14.3,266.0259537265861,3.5590945102701994,58.08179955860254,58.08179955860254,3.5590945102701994
1969Q2,4938.728,850.4863087147216,0.30353418918355146,14.5,267.41486494265286,1.388911216066731,59.47071077466927,59.47071077466927,1.388911216066731
1969Q3,4971.349,851.1446510832033,0.6583423684816125,14.5,267.41486494265286,0.0,59.47071077466927,59.47071077466927,0.0
1969Q4,4947.104,850.6557633848859,-0.48888769831739864,14.5,267.41486494265286,0.0,59.47071077466927,59.47071077466927,0.0
1970Q1,4939.759,850.5071823566819,-0.14858102820392105,14.5,267.41486494265286,0.0,59.47071077466927,59.47071077466927,0.0
1970Q2,4946.77,850.6490117322951,0.14182937561315612,14.5,267.41486494265286,0.0,59.47071077466927,59.47071077466927,0.0
1970Q3,4992.357,851.5663421915306,0.9173304592354725,14.3,266.0259537265861,-1.388911216066731,58.08179955860254,59.47071077466927,0.0
1970Q4,4938.857,850.4889206892074,-1.0774215023232045,15.4,273.43675094195834,7.410797215372213,65.49259677397475,65.49259677397475,6.021885999305482
1971Q1,5072.996,853.1686849078305,2.679764218623177,15.6,274.72709142554913,1.2903404835907963,66.78293725756555,66.78293725756555,1.2903404835907963
1971Q2,5100.447,853.708346193046,0.5396612852155158,15.6,274.72709142554913,0.0,66.78293725756555,66.78293725756555,0.0
1971Q3,5142.422000000001,854.5279453692101,0.8195991761640471,15.6,274.72709142554913,0.0,66.78293725756555,66.78293725756555,0.0
1971Q4,5154.547000000001,854.7634516741061,0.23550630489603464,15.6,274.72709142554913,0.0,66.78293725756555,66.78293725756555,0.0
1972Q1,5249.337,856.5857061896672,1.8222545155610987,15.4,273.43675094195834,-1.2903404835907963,65.49259677397475,66.78293725756555,0.0
1972Q2,5368.485,858.830102479373,2.244396289705719,15.4,273.43675094195834,0.0,65.49259677397475,66.78293725756555,0.0
1972Q3,5419.184,859.7700529593841,0.9399504800111345,15.6,274.72709142554913,1.2903404835907963,66.78293725756555,66.78293725756555,0.0
1972Q4,5509.926,861.4306471929733,1.6605942335892223,15.6,274.72709142554913,0.0,66.78293725756555,66.78293725756555,0.0
1973Q1,5646.286,863.8753262861705,2.4446790931972373,15.7,275.3660712354262,0.6389798098770711,67.42191706744262,67.42191706744262,0.6389798098770711
1973Q2,5707.755,864.9581055461107,1.0827792599401391,17.1,283.90784635086146,8.541775115435257,75.96369218287788,75.96369218287788,8.541775115435257
1973Q3,5677.738,864.4308192960194,-0.5272862500912652,18.2,290.14215940827495,6.2343130574134875,82.19800524029137,82.19800524029137,6.2343130574134875
1973Q4,5731.632,865.3755585910121,0.9447392949927007,19.9,299.0719731730447,8.929813764769733,91.1278190050611,91.1278190050611,8.929813764769733
1974Q1,5682.353,864.512068649636,-0.8634899413760877,27.5,331.4186004672526,32.346627294207906,123.474446299269,123.474446299269,32.346627294207906
1974Q2,5695.859,864.7494698571938,0.23740120755780936,27.5,331.4186004672526,0.0,123.474446299269,123.474446299269,0.0
1974Q3,5642.025,863.7998322604943,-0.9496375966995174,30.7,342.4262654593151,11.00766499206253,134.48211129133153,134.48211129133153,11.00766499206253
1974Q4,5620.126,863.4109362565239,-0.3888960039704443,30.4,341.4442608412176,-0.9820046180975055,133.50010667323403,134.48211129133153,0.0
1975Q1,5551.713000000002,862.1861807766934,-1.2247554798304918,31.4,344.68078929142075,3.2365284502031386,136.73663512343717,136.73663512343717,2.254523832105633
1975Q2,5591.382,862.8981762784952,0.7119955018017663,34.9,355.2486829208382,10.567893629417426,147.3045287528546,147.3045287528546,10.567893629417426
1975Q3,5687.087,864.5953445237966,1.697168245301441,34.9,355.2486829208382,0.0,147.3045287528546,147.3045287528546,0.0
1975Q4,5763.665,865.9328836068862,1.3375390830896094,35.8,357.79478934066543,2.546106419827254,149.85063517268185,149.85063517268185,2.546106419827254
1976Q1,5893.276,868.1567318969416,2.2238482900553436,33.1,349.95332823830176,-7.841461102363667,142.00917407031818,149.85063517268185,0.0
1976Q2,5936.515,868.8877539844,0.7310220874584274,33.8,352.0460802488973,2.092752010595518,144.1019260809137,149.85063517268185,0.0
1976Q3,5969.089,869.4349598427739,0.5472058583738999,34.7,354.67396869528136,2.627888446384077,146.72981452729778,149.85063517268185,0.0
1976Q4,6012.356,870.1571964023259,0.7222365595520159,36.1,358.6292865338835,3.9553178386021273,150.6851323658999,150.6851323658999,0.8344971932180556
1977Q1,6083.391,871.3317549749652,1.1745585726392846,36.8,360.54978451748855,1.9204979836050597,152.60563034950496,152.60563034950496,1.9204979836050597
1977Q2,6201.6590000000015,873.2572115885029,1.9254566135376763,37.1,361.36169696133896,0.8119124438504173,153.41754279335538,153.41754279335538,0.8119124438504173
1977Q3,6313.559,875.0454821889318,1.788270600428973,37.6,362.7004050395849,1.3387080782459293,154.7562508716013,154.7562508716013,1.3387080782459293
1977Q4,6313.696999999999,875.0476679369677,0.002185748035913093,39.3,367.12245188752155,4.422046847936656,159.17829771953797,159.17829771953797,4.422046847936656
1978Q1,6333.848000000001,875.3663229336692,0.3186549967014116,40.0,368.8879454113936,1.7654935238720668,160.94379124341003,160.94379124341003,1.7654935238720668
1978Q2,6578.605,879.157799576387,3.7914766427178392,40.8,370.8682081410116,1.9802627296180049,162.92405397302804,162.92405397302804,1.9802627296180049
1978Q3,6644.754,880.1582950146051,1.0004954382180813,41.7,373.0501128804756,2.1819047394639597,165.105958712492,165.105958712492,2.1819047394639597
1978Q4,6734.069,881.493484617877,1.3351896032719424,42.6,375.18542532753247,2.13531244705689,167.2412711595489,167.2412711595489,2.13531244705689
1979Q1,6746.176,881.6731104815808,0.17962586370379086,44.2,378.8724789083652,3.687053580832753,170.92832474038164,170.92832474038164,3.687053580832753
1979Q2,6753.389,881.7799731943634,0.10686271278257209,48.6,388.36235309064483,9.489874182279607,180.41819892266125,180.41819892266125,9.489874182279607
1979Q3,6803.558000000001,882.5200989618461,0.7401257674827093,57.6,405.35225677018457,16.989903679539736,197.40810260220098,197.40810260220098,16.989903679539736
1979Q4,6820.571999999999,882.7698618288277,0.24976286698165495,64.2,416.20032106959155,10.848064299406985,208.25616690160797,208.25616690160797,10.848064299406985
1980Q1,6842.024,883.0838873277671,0.3140254989393725,71.3,426.689632742025,10.489311672433473,218.74547857404144,218.74547857404144,10.489311672433473
1980Q2,6701.0459999999985,881.0018912596677,-2.0819960680994427,74.9,431.6153890523174,4.9257563102924,223.67123488433384,223.67123488433384,4.9257563102924
1980Q3,6693.0819999999985,880.8829734631747,-0.11891779649295131,77.9,435.5425952876702,3.9272062353527986,227.59844111968664,227.59844111968664,3.9272062353527986
1980Q4,6817.903,882.730722555059,1.847749091884225,86.3,445.7829598089382,10.240364521267963,237.8388056409546,237.8388056409546,10.240364521267963
1981Q1,6951.495,884.6712023340117,1.9404797789527493,114.9,474.40621848547096,28.62325867653277,266.4620643174874,266.4620643174874,28.62325867653277
1981Q2,6899.98,883.9273792030426,-0.7438231309690764,111.3,471.2229258281499,-3.183292657321033,263.27877166016634,266.4620643174874,0.0
1981Q3,6982.609,885.1177908152199,1.1904116121772859,108.7,468.8591794127164,-2.363746415433525,260.9150252447328,266.4620643174874,0.0
1981Q4,6906.529,884.0222475074224,-1.0955433077974703,107.3,467.5628649636653,-1.296314449051124,259.6187107956817,266.4620643174874,0.0
1982Q1,6799.233,882.4565090684816,-1.565738438940798,101.6,462.1043535144382,-5.458511449227103,254.1601993464546,266.4620643174874,0.0
1982Q2,6830.251,882.9116701523553,0.4551610838736906,97.9,458.39465495364647,-3.7096985607917077,250.45050078566288,266.4620643174874,0.0
1982Q3,6804.139,882.5286382466398,-0.38303190571548384,97.9,458.39465495364647,0.0,250.45050078566288,266.4620643174874,0.0
1982Q4,6806.857,882.5685765441183,0.03993829747844302,98.2,458.700621536042,0.3059665823955129,250.7564673680584,266.4620643174874,0.0
1983Q1,6896.561,883.8778160542795,1.3092395101612055,92.5,452.720864451838,-5.979757084203982,244.7767102838544,266.4620643174874,0.0
1983Q2,7053.5,886.1279226514558,2.250106597176341,92.4,452.6126978647638,-0.10816658707420856,244.6685436967802,266.4620643174874,0.0
1983Q3,7194.504,888.107268018358,1.97934536690218,92.1,452.2874943261261,-0.3252035386377088,244.3433401581425,266.4620643174874,0.0
1983Q4,7344.597,890.1720219846078,2.064753966249782,92.0,452.17885770490403,-0.10863662122204687,244.23470353692045,266.4620643174874,0.0
1984Q1,7488.166999999998,892.1079320259162,1.9359100413083752,92.1,452.2874943261261,0.10863662122204687,244.3433401581425,263.27877166016634,0.0
1984Q2,7617.547,893.8209680844112,1.7130360584950495,91.8,451.9612297626445,-0.3262645634815726,244.01707559466092,260.9150252447328,0.0
1984Q3,7690.985,894.7804142723596,0.9594461879484015,91.4,451.5245478460105,-0.4366819166340292,243.5803936780269,259.6187107956817,0.0
1984Q4,7754.116999999998,895.5979207103367,0.8175064379770447,88.6,448.41318576110353,-3.1113620849069434,240.46903159311995,254.1601993464546,0.0
1985Q1,7829.26,896.5623276217252,0.9644069113885507,83.9,442.96256134731607,-5.450624413787466,235.01840717933248,250.7564673680584,0.0
1985Q2,7898.194,897.4389404725476,0.8766128508224256,84.6,443.7934266612178,0.830865313901711,235.8492724932342,250.7564673680584,0.0
1985Q3,8018.809,898.9545186092139,1.5155781366662495,83.9,442.96256134731607,-0.830865313901711,235.01840717933248,250.7564673680584,0.0
1985Q4,8078.415,899.6950968906255,0.7405782814115582,85.1,444.38270355793287,1.4201422106168025,236.4385493899493,244.7767102838544,0.0
1986Q1,8153.8290000000015,900.624291185687,0.9291942950615066,48.2,387.53590210565545,-56.84680145227742,179.59174793767187,244.6685436967802,0.0
1986Q2,8190.552,901.0736573843285,0.4493661986415418,41.0,371.3572066704308,-16.178695435224654,163.41305250244721,244.3433401581425,0.0
1986Q3,8268.935,902.0261001006787,0.9524427163502196,42.5,374.95040759303714,3.593200922606343,167.00625342505356,244.3433401581425,0.0
1986Q4,8313.338,902.5616491912994,0.5355490906206342,42.0,373.76696182833683,-1.1834457647003092,165.82280766035325,244.3433401581425,0.0
1987Q1,8375.274,903.3039072576008,0.7422580663014742,52.3,395.6996371070877,21.932675278750878,187.75548293910413,244.01707559466092,0.0
1987Q2,8465.63,904.3769715897131,1.073064332112267,56.4,403.2469158504013,7.547278743313598,195.30276168241772,243.5803936780269,0.0
1987Q3,8539.075,905.240796709892,0.8638251201789444,57.8,405.69887756783316,2.451961717431857,197.75472339984958,240.46903159311995,0.0
1987Q4,8685.694,906.9432583369903,1.7024616270982733,54.1,399.0834185852436,-6.615458982589587,191.13926441726,236.4385493899493,0.0
1988Q1,8730.569,907.4585824258368,0.5153240888464552,47.2,385.43938925915097,-13.644029326092607,177.4952350911674,236.4385493899493,0.0
1988Q2,8845.28,908.7639262395833,1.3053438137465037,50.6,392.395157629342,6.955768370191038,184.45100346135843,236.4385493899493,0.0
1988Q3,8897.107,909.3481446698245,0.5842184302412079,42.6,375.18542532753247,-17.209732301809538,167.2412711595489,236.4385493899493,0.0
1988Q4,9015.661,910.6718455190183,1.3237008491938695,44.3,379.098467705109,3.9130423775765166,171.1543135371254,197.75472339984958,0.0
1989Q1,9107.314,911.6833105945652,1.0114650755468801,53.9,398.7130477914951,19.614580086386127,190.76889362351153,197.75472339984958,0.0
1989Q2,9176.827,912.4436781164806,0.7603675219153274,58.3,406.56020933564463,7.847161544149515,198.61605516766105,198.61605516766105,0.861331767811464
1989Q3,9244.816,913.1818240973084,0.7381459808278805,56.2,402.8916756899646,-3.668533645680043,194.947521521981,198.61605516766105,0.0
1989Q4,9263.033,913.3786811808408,0.19685708353233622,59.8,409.1005660956586,6.208890405694035,201.15641192767504,201.15641192767504,2.5403567600139922
1990Q1,9364.259,914.4655487348329,1.0868675539920787,60.0,409.43445622221003,0.3338901265514096,201.49030205422645,201.49030205422645,0.3338901265514096
1990Q2,9398.243,914.8278035893712,0.3622548545383779,47.9,386.9115504416869,-22.522905780523104,178.96739627370334,201.49030205422645,0.0
1990Q3,9404.494,914.8942939118206,0.06649032244934006,91.0,451.085950651685,64.17440020999805,243.1417964837014,243.1417964837014,41.65149442947495
1990Q4,9318.876,913.97972995484,-0.9145639569806008,79.3,437.32381286408025,-13.762137787604729,229.37965869609667,243.1417964837014,0.0
1991Q1,9275.276,913.5107644445292,-0.46896551031079525,54.1,399.0834185852436,-38.240394278836675,191.13926441726,243.1417964837014,0.0
1991Q2,9347.597,914.2874583903606,0.7766939458314255,56.2,402.8916756899646,3.808257104721008,194.947521521981,243.1417964837014,0.0
1991Q3,9394.834,914.7915242718609,0.5040658815003098,60.4,410.0989104940769,7.207234804112318,202.15475632609332,243.1417964837014,0.0
1991Q4,9427.581,915.1394820981043,0.34795782624337335,55.1,400.9149716158869,-9.18393887819002,192.9708174479033,243.1417964837014,0.0
1992Q1,9540.444,916.3295304239842,1.1900483258799568,51.0,393.18256327243256,-7.732408343454324,185.23840910444898,243.1417964837014,0.0
1992Q2,9643.893,917.4080144258177,1.0784840018334307,64.3,416.3559631243574,23.17339985192484,208.41180895637382,243.1417964837014,0.0
1992Q3,9739.185,918.3912717570903,0.9832573312726254,63.1,414.4720769547168,-1.8838861696406184,206.5279227867332,243.1417964837014,0.0
1992Q4,9840.753,919.4287511508701,1.0374793937797904,53.8,398.5273467167739,-15.944730237942906,190.5831925487903,243.1417964837014,0.0
1993Q1,9857.185,919.5955909877263,0.16683983685618387,58.1,406.21656638578656,7.689219669012687,198.27241221780298,243.1417964837014,0.0
1993Q2,9914.565,920.1760167071633,0.5804257194370166,52.9,396.84033388642536,-9.376232499361208,188.89617971844177,243.1417964837014,0.0
1993Q3,9961.873,920.6520385107879,0.476021803624576,46.5,383.945231259331,-12.895102627094332,176.00107709134744,229.37965869609667,0.0
1993Q4,10097.362,922.0029480594981,1.3509095487102059,38.9,366.09942506244005,-17.845806196890976,158.15527089445646,208.41180895637382,0.0
1994Q1,10195.338,922.9685835965611,0.9656355370630081,39.6,367.8829118260435,1.7834867636034346,159.9387576580599,208.41180895637382,0.0
1994Q2,10333.495,924.314583983808,1.3460003872469315,52.9,396.84033388642536,28.957422060381873,188.89617971844177,208.41180895637382,0.0
1994Q3,10393.898,924.8974182166378,0.5828342328297822,48.3,387.7431560658527,-9.097177820572654,179.79900189786912,208.41180895637382,0.0
1994Q4,10512.962,926.0364250996863,1.1390068830485234,47.1,385.2273001022372,-2.515855963615479,177.28314593425364,208.41180895637382,0.0
1995Q1,10550.251,926.3904930090395,0.354067909353148,50.6,392.395157629342,7.167857527104786,184.45100346135843,208.41180895637382,0.0
1995Q2,10581.723,926.688354659529,0.2978616504894944,53.3,397.5936331171799,5.198475487837868,189.6494789491963,206.5279227867332,0.0
1995Q3,10671.738,927.5354217629156,0.8470671033866211,51.4,393.96381724611194,-3.629815871067933,186.01966307812836,198.27241221780298,0.0
1995Q4,10744.203,928.2121632291146,0.6767414661990188,52.2,395.5082494888593,1.544432242747348,187.5640953208757,198.27241221780298,0.0
1996Q1,10824.674,928.958343694377,0.7461804652624551,57.7,405.5257173514054,10.017467862546084,197.5815631834218,197.5815631834218,0.0
1996Q2,11005.217,930.6124712076019,1.6541275132248074,57.7,405.5257173514054,0.0,197.5815631834218,197.5815631834218,0.0
1996Q3,11103.935,931.5054828983054,0.8930116907035881,67.2,420.7673247529104,15.241607401505007,212.8231705849268,212.8231705849268,15.241607401505007
1996Q4,11219.238,932.5385262331894,1.0330433348839279,70.9,426.1270433538082,5.359718600897793,218.1828891858246,218.1828891858246,5.359718600897793
1997Q1,11291.665,933.1820121912406,0.6434859580512011,56.3,403.0694535145645,-23.05758983924369,195.1252993465809,218.1828891858246,0.0
1997Q2,11479.33,934.830330580107,1.6483183888664144,51.8,394.73901492654375,-8.33043858802074,186.79486075856016,218.1828891858246,0.0
1997Q3,11622.911,936.0733515383039,1.2430209581968938,53.3,397.5936331171799,2.854618190636131,189.6494789491963,218.1828891858246,0.0
1997Q4,11722.722,936.9284288724281,0.8550773341241893,50.8,392.7896354584436,-4.80399765873625,184.84548129046004,218.1828891858246,0.0
1998Q1,11839.876,937.9228435410182,0.9944146685901387,35.8,357.79478934066543,-34.994846117778195,149.85063517268185,218.1828891858246,0.0
1998Q2,11949.492,938.8444045995809,0.9215610585627019,33.6,351.4526066969159,-6.342182643749538,143.5084525289323,218.1828891858246,0.0
1998Q3,12099.191,940.0893869845504,1.2449823849694894,36.0,358.351893845611,6.899287148695123,150.40773967762743,218.1828891858246,0.0
1998Q4,12294.737,941.6926563612234,1.6032693766729835,26.1,326.1935314328648,-32.158362412746214,118.24937726488122,218.1828891858246,0.0
1999Q1,12410.778,942.6320567611551,0.939400399931742,33.3,350.5557396986398,24.362208265774996,142.6115855306562,218.1828891858246,0.0
1999Q2,12514.408,943.4635899510924,0.8315331899373177,48.8,388.7730312859102,38.21729158727038,180.8288771179266,218.1828891858246,0.0
1999Q3,12679.977,944.7779414109445,1.314351459852105,65.5,418.2050142641207,29.4319829782105,210.2608600961371,218.1828891858246,0.0
1999Q4,12888.281,946.4073727846932,1.6294313737486164,71.0,426.26798770413154,8.062973440010865,218.32383353614796,218.32383353614796,0.14094435032336605
2000Q1,12935.252,946.771157645587,0.3637848608938157,86.9,446.47580322713463,20.20781552300309,238.53164905915105,238.53164905915105,20.20781552300309
2000Q2,13170.749,948.5753664798251,1.8042088342381248,89.8,449.7584975308154,3.2826943036807847,241.81434336283183,241.81434336283183,3.2826943036807847
2000Q3,13183.89,948.6750908667843,0.09972438695922392,97.4,457.88262106484893,8.124123534033515,249.93846689686535,249.93846689686535,8.124123534033515
2000Q4,13262.25,949.2676932603196,0.5926023935352305,78.8,436.69129968638333,-21.191321378465602,228.74714551839975,249.93846689686535,0.0
2001Q1,13219.251,948.9429455219695,-0.32474773835008364,73.1,429.1828366755733,-7.508463010810033,221.23868250758971,249.93846689686535,0.0
2001Q2,13301.393999999998,949.5624120747524,0.6194665527829102,77.0,434.3805421853684,5.197705509795128,226.43638801738484,249.93846689686535,0.0
2001Q3,13248.142,949.1612595166631,-0.4011525580892794,73.0,429.0459441148391,-5.334598070529353,221.1017899468555,249.93846689686535,0.0
2001Q4,13284.881,949.4381900682963,0.2769305516331997,45.4,381.55121050473025,-47.494733610108824,173.60705633674667,249.93846689686535,0.0
2002Q1,13394.91,950.2630063031164,0.8248162348201049,65.0,417.4387269895637,35.88751648483344,209.4945728215801,249.93846689686535,0.0
2002Q2,13477.356000000002,950.8766222794621,0.6136159763457272,63.6,415.26134703460764,-2.177379954956052,207.31719286662405,249.93846689686535,0.0
2002Q3,13531.741000000002,951.2793389900701,0.40271671060793324,77.5,435.02779363593015,19.766446601322514,227.08363946794657,249.93846689686535,0.0
2002Q4,13549.421,951.4099094767561,0.1305704866859969,72.9,428.90886390146125,-6.118929734468907,220.96470973347766,249.93846689686535,0.0
2003Q1,13619.434,951.9253022305498,0.5153927537937761,95.1,455.4928969551344,26.58403305367318,247.54874278715084,249.93846689686535,0.0
2003Q2,13741.107,952.8147130216528,0.8894107911029323,82.3,441.0371107683024,-14.455786186832029,233.09295660031881,249.93846689686535,0.0
2003Q3,13970.157,954.4678690555788,1.6531560339260523,75.0,431.748811353631,-9.288299414671371,223.80465718564744,247.54874278715084,0.0
2003Q4,14131.379,955.6153064688727,1.1474374132939147,83.3,442.2448549172797,10.496043563648698,234.30070074929614,247.54874278715084,0.0
2004Q1,14212.34,956.1865880299732,0.5712815611004771,96.6,457.05787412184725,14.813019204567524,249.11371995386367,249.11371995386367,1.564977166712822
2004Q2,14323.017,956.9623102681346,0.7757222381613929,99.2,459.71380142908276,2.6559273072355154,251.76964726109918,251.76964726109918,2.6559273072355154
2004Q3,14457.832,957.8991553628297,0.9368450946950588,118.3,477.3223770984341,17.608575669351353,269.37822293045053,269.37822293045053,17.608575669351353
2004Q4,14605.595,958.9159953464796,1.016839983649902,108.7,468.8591794127164,-8.463197685717716,260.9150252447328,269.37822293045053,0.0
2005Q1,14767.846,960.0207528735932,1.1047575271136338,145.0,497.67337424205743,28.814194829341034,289.72922007407385,289.72922007407385,20.350997143623317
2005Q2,14839.707,960.5061772591148,0.48542438552158274,147.6,499.4505912166372,1.7772169745797441,291.5064370486536,291.5064370486536,1.7772169745797441
2005Q3,14956.291,961.2887292981801,0.7825520390653082,171.3,514.3416405330074,14.891049316370243,306.39748636502384,306.39748636502384,14.891049316370243
2005Q4,15041.232,961.8550509042607,0.566321606080578,162.6,509.12931971137107,-5.212320821636354,301.1851655433875,306.39748636502384,0.0
2006Q1,15244.088,963.1947034740143,1.339652569753639,167.3,511.97886079927787,2.8495410879068004,304.0347066312943,306.39748636502384,0.0
2006Q2,15281.525,963.4399861405379,0.24528266652362163,187.2,523.2177564043492,11.23889560507132,315.2736022363656,315.2736022363656,8.876115871341767
2006Q3,15304.517,963.5903292567261,0.1503431161881963,172.2,514.865659199363,-8.352097204986194,306.9215050313794,315.2736022363656,0.0
2006Q4,15433.643,964.4305015999738,0.8401723432476729,162.7,509.1908014224992,-5.674857776863803,301.2466472545156,315.2736022363656,0.0
2007Q1,15478.956,964.7236703008948,0.2931687009210009,156.3,505.1777237427431,-4.013077679756066,297.23356957475954,315.2736022363656,0.0
2007Q2,15577.779,965.3600754705748,0.6364051696799606,177.4,517.8407069875478,12.662983244804707,309.89655281956425,315.2736022363656,0.0
2007Q3,15671.605,965.9605755120938,0.6005000415190125,214.5,536.8309738368072,18.990266849259342,328.8868196688236,328.8868196688236,13.613217432457986
2007Q4,15767.146,966.5683687041123,0.607793192018562,246.8,550.8578292031233,14.026855366316113,342.9136750351397,342.9136750351397,14.026855366316113
2008Q1,15702.906,966.1601069749734,-0.4082617291389852,297.7,569.608626802173,18.750797599049747,361.66447263418945,361.66447263418945,18.750797599049747
2008Q2,15792.773,966.730770931016,0.5706639560426083,367.5,590.6723318652892,21.063705063116117,382.72817769730557,382.72817769730557,21.063705063116117
2008Q3,15709.562,966.2024850530005,-0.5282858780154811,291.5,567.5040005790547,-23.168331286234434,359.55984641107113,382.72817769730557,0.0
2008Q4,15366.607,963.9952057445751,-2.207279308425427,104.5,464.91870714048656,-102.58529343856816,256.974552972503,382.72817769730557,0.0
2009Q1,15187.475,962.8226353991014,-1.1725703454736731,122.6,480.8927023502111,15.973995209724535,272.9485481822275,382.72817769730557,0.0
2009Q2,15161.772,962.6532538909199,-0.16938150818145914,189.2,524.2804656617777,43.38776331156663,316.33631149379414,382.72817769730557,0.0
2009Q3,15216.647,963.0145304911672,0.3612766002472654,188.3,523.8036435663107,-0.47682209546701415,315.8594893983271,382.72817769730557,0.0
2009Q4,15379.155,964.0768300067851,1.0622995156179513,195.4,527.5048739608683,3.7012303945575695,319.5607197928847,382.72817769730557,0.0
2010Q1,15456.059,964.5756373732798,0.49880736649470236,223.3,540.8516158846112,13.346741923742911,332.9074617166276,382.72817769730557,0.0
2010Q2,15605.628,965.5386897406826,0.9630523674027245,206.5,533.0300412401087,-7.821574644502448,325.08588707212516,382.72817769730557,0.0
2010Q3,15726.282,966.3088604477673,0.7701707070847306,207.1,533.3201768401539,0.29013560004511874,325.3760226721703,382.72817769730557,0.0
2010Q4,15807.995,966.8271103692053,0.5182499214380414,243.9,549.6758305221874,16.355653682033562,341.73167635420384,382.72817769730557,0.0
2011Q1,15769.911,966.5859036314018,-0.24120673780350899,283.7,564.7917341814806,15.115903659293167,356.847580013497,382.72817769730557,0.0
2011Q2,15876.839,967.261665957135,0.675762325733217,277.7,562.6541394312753,-2.137594750205267,354.70998526329174,359.55984641107113,0.0
2011Q3,15870.684,967.2228912780705,-0.038774679064545126,268.9,559.4339563274818,-3.220183103793488,351.48980215949825,356.847580013497,0.0
2011Q4,16048.702,968.3383253013681,1.1154340232975528,283.5,564.7212123167807,5.287255989298842,356.7770581487971,356.847580013497,0.0
2012Q1,16179.968,969.1529212860218,0.8145959846536925,305.4,572.1622392784532,7.441026961672492,364.2180851104696,364.2180851104696,7.370505096972579
2012Q2,16253.726,969.6077453782113,0.45482409218959674,241.4,548.6455308663432,-23.516708412110006,340.7013766983596,364.2180851104696,0.0
2012Q3,16282.151000000002,969.7824756135876,0.1747302353762734,282.3,564.2970335259444,15.651502659601192,356.3528793579608,364.2180851104696,0.0
2012Q4,16300.035,969.8922534031813,0.10977778959363604,252.4,553.1015130667058,-11.195520459238537,345.15735889872224,364.2180851104696,0.0
2013Q1,16441.485,970.7562992997954,0.8640458966141296,271.6,560.4330395684541,7.331526501748272,352.4888854004705,364.2180851104696,0.0
2013Q2,16464.402,970.8955874685364,0.13928816874101813,276.6,562.2572419230659,1.8242023546117707,354.3130877550823,364.2180851104696,0.0
2013Q3,16594.743000000002,971.6841237441809,0.7885362756444465,304.8,571.9655823812492,9.70834045818333,364.0214282132656,364.2180851104696,0.0
2013Q4,16712.76,972.3927778506837,0.7086541065028769,270.2,559.9162425526099,-12.04933982863929,351.9720883846263,364.2180851104696,0.0
2014Q1,16654.247,972.0420537957549,-0.35072405492883263,282.4,564.3324505619087,4.416208009298771,356.3882963939251,364.2180851104696,0.0
2014Q2,16868.109,973.318007678534,1.2759538827790493,292.6,567.8806488586024,3.5481982966937267,359.9364946906188,364.2180851104696,0.0
2014Q3,17064.616,974.4762358890149,1.1582282104809565,257.2,554.9853992363464,-12.89524962225596,347.04124506836285,364.2180851104696,0.0
2014Q4,17141.235,974.9242243231641,0.44798843414923795,168.9,512.9306823813755,-42.054716854970934,304.9865282133919,364.2180851104696,0.0
2015Q1,17280.647,975.7342483786737,0.8100240555095297,127.5,484.8116364598481,-28.119045921527402,276.8674822918645,364.0214282132656,0.0
2015Q2,17380.875,976.31257427765,0.5783258989763453,164.6,510.35182882429694,25.540192364448842,302.40767465631336,364.0214282132656,0.0
2015Q3,17437.08,976.6354252252142,0.32285094756423405,117.6,476.7289035464526,-33.62292527784433,268.78474937846903,364.0214282132656,0.0
2015Q4,17462.578999999998,976.7815527534941,0.14612752827986242,93.3,453.5820107853298,-23.146892761122785,245.63785661734624,364.0214282132656,0.0
2016Q1,17565.465,977.3690037449436,0.5874509914494865,91.5,451.6338972281476,-1.9481135571822392,243.689743060164,364.0214282132656,0.0
2016Q2,17618.581000000002,977.6709362762499,0.3019325313063064,128.5,485.5928904335275,33.9589932053799,277.6487362655439,364.0214282132656,0.0
2016Q3,17724.488999999998,978.270252164766,0.5993158885161165,117.7,476.81390142662315,-8.77898900690434,268.86974725863956,359.9364946906188,0.0
2016Q4,17812.56,978.7659105426385,0.49565837787247347,138.7,493.2313327320786,16.417431305455466,285.28717856409503,359.9364946906188,0.0
2017Q1,17896.623,979.236731481258,0.47082093861945395,131.0,487.5197323201151,-5.711600411963502,279.5755781521315,359.9364946906188,0.0
2017Q2,17996.802,979.7949354427043,0.5582039614463383,123.8,481.8667360250496,-5.65299629506552,273.922581857066,347.04124506836285,0.0
2017Q3,18126.226,980.511511881461,0.7165764387567606,134.9,490.45337632137097,8.586640296321377,282.5092221533874,304.9865282133919,0.0
2017Q4,18296.685,981.447517487933,0.9360056064720084,162.8,509.252245356844,18.798869035473047,301.30809118886043,302.40767465631336,0.0
2018Q1,18436.262,982.2074765065086,0.7599590185755005,173.9,515.8480421360238,6.59579677917975,307.9038879680402,307.9038879680402,5.4962133117268195
2018Q2,18590.004,983.0379295884912,0.8304530819826823,188.5,523.9098006888065,8.061758552782749,315.96564652082293,315.96564652082293,8.061758552782749
2018Q3,18679.599,983.5187244742997,0.4807948858084501,195.2,527.4024673978993,3.4926667090927594,319.4583132299157,319.4583132299157,3.4926667090927594
2018Q4,18721.281000000006,983.7416177177571,0.22289324345740624,136.7,491.7788743729904,-35.62359302490887,283.8347202050068,319.4583132299157,0.0
2019Q1,18833.195,984.3376283306703,0.5960106129132328,158.9,506.827507354267,15.048632981276626,298.88335318628344,319.4583132299157,0.0
2019Q2,18982.528,985.1274256129104,0.7897972822401016,153.4,503.30488889331554,-3.5226184609514917,295.36073472533195,319.4583132299157,0.0
2019Q3,19112.653,985.8105855437454,0.6831599308350178,156.2,505.11372374055856,1.8088348472430198,297.16956957257497,319.4583132299157,0.0
2019Q4,19202.31,986.2785863278905,0.4680007841450333,162.8,509.252245356844,4.138521616285459,301.30809118886043,319.4583132299157,0.0
2020Q1,18951.992,984.9664323719494,-1.3121539559410849,89.8,449.7584975308154,-59.493747826028596,241.81434336283183,319.4583132299157,0.0
2020Q2,17258.205,975.6042961546782,-9.3621362172712,94.3,454.64811896394116,4.88962143312574,246.70396479595757,319.4583132299157,0.0
2020Q3,18560.774,982.880570805687,7.276274651008748,101.1,461.6110126026426,6.962893638701416,253.666858434659,319.4583132299157,0.0
2020Q4,18767.778,983.9896742178796,1.1091034121926668,122.6,480.8927023502111,19.28168974756852,272.9485481822275,319.4583132299157,0.0
2021Q1,19055.655,985.5119186897188,1.5222444718391444,169.1,513.0490255904535,32.15632324024244,305.10487142246996,319.4583132299157,0.0
2021Q2,19368.31,987.1393504272538,1.627431737535062,194.0,526.7858159063328,13.736790315879261,318.8416617383492,319.4583132299157,0.0
2021Q3,19478.893,987.7086748066381,0.5693243793842839,194.123,526.8491978775727,0.06338197123989175,318.9050437095891,318.9050437095891,0.0
2021Q4,19810.572,989.3971013581648,1.6884265515267316,195.076,527.3389226223186,0.48972474474589944,319.394768454335,319.394768454335,0.48972474474589944
